iter	MultiClass
0	1.063568374
1	1.036467059
2	1.00677257
3	0.9885768726
4	0.9678940856
5	0.9471501162
6	0.9281152249
7	0.9130118545
8	0.9012691498
9	0.8892474602
